word,freq
,
food,701
,
christmas,654
,
place,460
,
time,355
,
service,352
,
restaurant,289
,
dinner,254
,
order,249
,
table,190
,
menu,187
,
meal,163
,
day,163
,
chicken,155
,
night,147
,
staff,143
,
way,136
,
experience,135
,
server,135
,
bar,133
,
party,123
,
bit,118
,
family,107
,
salad,106
,
sauce,100
,
everything,100
,
waiter,94
,
burger,92
,
side,91
,
eve,88
,
meat,85
,
soup,84
,
something,84
,
lunch,83
,
lot,83
,
hour,82
,
thing,82
,
wait,81
,
cheese,80
,
home,79
,
area,77
,
line,76
,
bread,76
,
steak,75
,
year,74
,
price,72
,
kind,72
,
waitress,69
,
taste,69
,
location,69
,
room,69
,
coffee,68
,
beef,68
,
beer,67
,
rice,67
,
dessert,66
,
cream,66
,
manager,66
,
chocolate,65
,
pizza,64
,
husband,64
,
flavor,62
,
reservation,62
,
wife,61
,
breakfast,61
,
plate,60
,
nothing,60
,
everyone,60
,
dish,59
,
music,58
,
drink,57
,
shrimp,55
,
friend,54
,
wine,54
,
quality,53
,
holiday,52
,
house,52
,
egg,52
,
one,51
,
vegas,51
,
buffet,51
,
couple,51
,
water,51
,
spicy,50
,
atmosphere,48
,
ice,48
,
kitchen,48
,
person,48
,
crab,47
,
town,47
,
visit,47
,
pork,47
,
anything,46
,
selection,46
,
part,45
,
customer,45
,
point,44
,
appetizer,44
,
star,42
,
i+,42
,
company,41
,
week,41
,
course,40
,
salmon,40
,
someone,40
,
yelp,39
,
bill,39
,
spot,39
,
cake,38
,
review,38
,
evening,38
,
brunch,37
,
choice,37
,
food+,37
,
bacon,36
,
lobster,36
,
check,36
,
pasta,36
,
decor,36
,
rib,36
,
shopping,35
,
front,35
,
portion,35
,
work,35
,
potato,34
,
fact,34
,
name,33
,
business,33
,
bartender,33
,
sandwich,33
,
top,33
,
tea,33
,
hostess,33
,
group,33
,
street,32
,
money,32
,
end,32
,
sushi,32
,
door,31
,
size,31
,
today,31
,
owner,30
,
card,30
,
list,30
,
dining,30
,
bbq,30
,
glass,30
,
space,29
,
phone,29
,
thai,29
,
seafood,29
,
tip,29
,
pot,28
,
crispy,28
,
bite,28
,
chef,27
,
fun,27
,
turkey,27
,
problem,27
,
fan,27
,
market,27
,
job,27
,
half,26
,
morning,26
,
duck,26
,
medium,26
,
tacos,26
,
onion,26
,
parking,26
,
gift,26
,
care,26
,
daughter,26
,
sister,25
,
rest,25
,
vanilla,25
,
style,25
,
reason,25
,
place+,25
,
sausage,25
,
ambiance,25
,
idea,25
,
man,24
,
type,24
,
strip,24
,
tonight,23
,
chili,23
,
option,23
,
season,23
,
mac,23
,
lady,23
,
fish,22
,
merry,22
,
butter,22
,
share,22
,
%,22
,
minute,22
,
risotto,21
,
boyfriend,21
,
birthday,21
,
orange,21
,
while,21
,
tender,21
,
anyone,21
,
yum,20
,
salty,20
,
corn,20
,
cup,20
,
mom,19
,
view,19
,
mouth,19
,
calamari,19
,
rating,19
,
amount,19
,
guess,19
,
cocktail,18
,
value,18
,
variety,18
,
curry,18
,
guy,18
,
host,18
,
tomato,18
,
deal,18
,
hotel,18
,
perfection,18
,
lamb,18
,
patio,17
,
moment,17
,
mall,17
,
booth,17
,
floor,17
,
cheesecake,17
,
counter,17
,
salsa,17
,
salt,17
,
try,17
,
back,17
,
sign,16
,
mind,16
,
brother,16
,
store,16
,
issue,16
,
okay,16
,
pie,16
,
pho,16
,
mother,16
,
weekend,16
,
date,16
,
ham,16
,
burrito,16
,
hand,16
,
service+,16
,
heart,16
,
level,16
,
piece,16
,
tuna,16
,
attention,16
,
ribs,16
,
guacamole,16
,
chance,15
,
bottle,15
,
seating,15
,
crowd,15
,
sashimi,15
,
juicy,15
,
world,15
,
inside,15
,
bowl,15
,
pm,15
,
office,15
,
roll,15
,
pancake,15
,
ambience,14
,
saturday,14
,
cut,14
,
kick,14
,
flavour,14
,
e,14
,
trip,14
,
spinach,14
,
seat,14
,
bean,14
,
entree,14
,
pudding,14
,
number,14
,
lack,14
,
honey,14
,
sweet,14
,
system,13
,
la,13
,
member,13
,
station,13
,
oil,13
,
combo,13
,
boy,13
,
ate,13
,
texture,13
,
bland,13
,
staff+,13
,
attitude,13
,
love,13
,
girl,13
,
disappointment,13
,
creme,13
,
caesar,13
,
head,13
,
item,13
,
spice,13
,
hash,13
,
desert,13
,
sugar,13
,
concept,13
,
toast,13
,
edinburgh,13
,
tree,13
,
delivery,13
,
vibe,13
,
car,13
,
crust,13
,
bathroom,13
,
apple,13
,
note,13
,
pepper,13
,
window,13
,
broth,12
,
batter,12
,
eye,12
,
stuff,12
,
ok,12
,
corner,12
,
cold,12
,
slice,12
,
cashier,12
,
light,12
,
face,12
,
veggie,12
,
plenty,12
,
christmas+,12
,
right,12
,
goodness,12
,
sea,12
,
afternoon,12
,
smile,12
,
pan,12
,
pad,12
,
show,12
,
sort,12
,
york,12
,
presentation,12
,
time+,12
,
occasion,12
,
crepe,12
,
school,12
,
city,11
,
friday,11
,
bisque,11
,
ticket,11
,
tradition,11
,
shop,11
,
touch,11
,
case,11
,
start,11
,
bass,11
,
management,11
,
round,11
,
nachos,11
,
spring,11
,
juice,11
,
squash,11
,
draft,11
,
treat,11
,
bone,11
,
story,11
,
middle,11
,
rush,11
,
vegas+,11
,
basket,11
,
filet,11
,
gem,11
,
december,11
,
thank,11
,
bistro,10
,
bf,10
,
establishment,10
,
roast,10
,
lettuce,10
,
filling,10
,
call,10
,
mine,10
,
club,10
,
rude,10
,
grill,10
,
let,10
,
word,10
,
look,10
,
website,10
,
dozen,10
,
fruit,10
,
son,10
,
hubby,10
,
gnocchi,10
,
dad,10
,
book,10
,
fare,10
,
interior,10
,
foie,10
,
addition,10
,
truffle,10
,
gravy,10
,
martini,10
,
thought,10
,
break,10
,
/,9
,
bagel,9
,
pizzas,9
,
experience+,9
,
highlight,9
,
tofu,9
,
airport,9
,
latte,9
,
excuse,9
,
starter,9
,
complaint,9
,
wow,9
,
downtown,9
,
drop,9
,
casino,9
,
mess,9
,
event,9
,
mozzarella,9
,
min,9
,
life,9
,
shot,9
,
entrance,9
,
field,9
,
plan,9
,
beginning,9
,
year+,9
,
drive,9
,
sunday,9
,
gelato,9
,
taco,9
,
coupon,9
,
tiramisu,9
,
center,9
,
pastry,9
,
outside,9
,
surprise,9
,
fire,9
,
cookie,9
,
court,9
,
combination,9
,
night+,9
,
employee,9
,
ravioli,9
,
specialty,9
,
girlfriend,9
,
mistake,9
,
yesterday,9
,
app,9
,
mushroom,9
,
express,8
,
chain,8
,
difference,8
,
consistency,8
,
lemon,8
,
blend,8
,
area+,8
,
advice,8
,
box,8
,
comment,8
,
ball,8
,
offer,8
,
phoenix,8
,
state,8
,
spiciness,8
,
none,8
,
ale,8
,
game,8
,
notch,8
,
tart,8
,
tv,8
,
l,8
,
bunch,8
,
woman,8
,
dressing,8
,
santa,8
,
conversation,8
,
question,8
,
layer,8
,
weather,8
,
pick,8
,
joke,8
,
traffic,8
,
opinion,8
,
banana,8
,
sls,8
,
building,8
,
month,8
,
feel,8
,
restaurant+,8
,
cafe,8
,
brewery,8
,
squid,8
,
venue,8
,
menus,8
,
joint,8
,
price+,7
,
breast,7
,
shame,7
,
lighting,7
,
advance,7
,
mastro,7
,
pineapple,7
,
biscuit,7
,
omelette,7
,
coconut,7
,
quesadilla,7
,
set,7
,
goat,7
,
las,7
,
dough,7
,
bazaar,7
,
grille,7
,
comparison,7
,
meal+,7
,
doubt,7
,
business+,7
,
cuisine,7
,
milk,7
,
pub,7
,
diner,7
,
lounge,7
,
fat,7
,
stock,7
,
theme,7
,
bed,7
,
wood,7
,
summer,7
,
serving,7
,
asparagus,7
,
kobe,7
,
environment,7
,
champagne,7
,
cost,7
,
dip,7
,
smoke,7
,
machine,7
,
patty,7
,
mill,7
,
hype,7
,
chowder,7
,
flight,7
,
eat,7
,
ihop,7
,
favorite,7
,
take,7
,
brie,7
,
tax,7
,
yeah,7
,
flatbread,7
,
california,7
,
fault,7
,
charge,7
,
hello,7
,
celebration,7
,
monday,7
,
platter,7
,
cheddar,7
,
shake,7
,
slaw,7
,
homemade,7
,
team,7
,
blood,6
,
crew,6
,
crisp,6
,
rum,6
,
chop,6
,
collard,6
,
crunchy,6
,
groupon,6
,
brisket,6
,
liquor,6
,
ribeye,6
,
needless,6
,
bell,6
,
hair,6
,
yogurt,6
,
mustard,6
,
visit+,6
,
language,6
,
football,6
,
wise,6
,
brussel,6
,
recommendation,6
,
cozy,6
,
yea,6
,
playing,6
,
rare,6
,
tso,6
,
base,6
,
scottsdale,6
,
ipa,6
,
miso,6
,
joe,6
,
impression,6
,
walk,6
,
parmesan,6
,
bun,6
,
br,6
,
chorizo,6
,
serve,6
,
pesto,6
,
sit,6
,
use,6
,
chow,6
,
lobby,6
,
seasoning,6
,
blonde,6
,
yard,6
,
dirty,6
,
board,6
,
fashion,6
,
text,6
,
tempura,6
,
fork,6
,
eating,6
,
sense,6
,
heard,6
,
law,6
,
octopus,6
,
neighborhood,6
,
butternut,6
,
mention,6
,
section,6
,
vacation,6
,
cleveland,6
,
sampler,6
,
xmas,6
,
lasagna,6
,
situation,6
,
dim,6
,
left,6
,
bonus,6
,
cash,6
,
credit,6
,
stomach,6
,
version,6
,
yummy,6
,
cook,6
,
shell,6
,
dinner+,6
,
beverage,6
,
update,6
,
d,6
,
dude,6
,
stop,6
,
denny,6
,
bellagio,6
,
mix,6
,
tap,6
,
decision,6
,
nc,6
,
steakhouse,6
,
custard,6
,
alcohol,6
,
paper,6
,
ceiling,6
,
hey,5
,
pink,5
,
cheesy,5
,
mango,5
,
stew,5
,
foodie,5
,
heaven,5
,
plane,5
,
site,5
,
search,5
,
help,5
,
age,5
,
road,5
,
cucumber,5
,
c,5
,
sangria,5
,
mike,5
,
mignon,5
,
john,5
,
drinking,5
,
baby,5
,
arrival,5
,
online,5
,
penny+,5
,
downside,5
,
nobody,5
,
sorry,5
,
take-out,5
,
cod,5
,
air,5
,
heat,5
,
well,5
,
distillery,5
,
bag,5
,
total,5
,
capital,5
,
jalapeno,5
,
whoa,5
,
mahi,5
,
sammy,5
,
fixe,5
,
sure,5
,
eve+,5
,
tempe,5
,
tag,5
,
apps,5
,
suggestion,5
,
gf,5
,
tuesday,5
,
figure,5
,
mi,5
,
crowds,5
,
feast,5
,
tartar,5
,
legs,5
,
crawfish,5
,
ride,5
,
fast,5
,
menu+,5
,
guest,5
,
wish,5
,
setting,5
,
plain,5
,
mesa,5
,
takeout,5
,
mark,5
,
refill,5
,
college,5
,
ginger,5
,
status,5
,
effort,5
,
past,5
,
ask,5
,
tasting,5
,
ketchup,5
,
pricey,5
,
cauliflower,5
,
mein,5
,
manner,5
,
sweetness,5
,
advantage,5
,
buttery,5
,
crap,5
,
spirit,5
,
tomorrow,5
,
message,5
,
warm,5
,
crunch,5
,
mini,5
,
register,5
,
cute,5
,
rate,5
,
range,5
,
n,5
,
capacity,5
,
sound,5
,
rotisserie,5
,
glad,5
,
opportunity,5
,
lunch+,5
,
living,5
,
everyone+,5
,
duty,5
,
deliciousness,5
,
photo,5
,
brulee,5
,
garden,5
,
example,5
,
quantity,5
,
buzz,5
,
pistachio,5
,
bowls,5
,
lime,5
,
tartare,5
,
carpaccio,5
,
entr,5
,
decent,5
,
mash,5
,
winter,5
,
pittsburgh,5
,
ho,5
,
strawberry,5
,
array,5
,
picture,5
,
mediocre,5
,
caramel,5
,
truck,5
,
matter,5
,
hint,5
,
whisky,5
,
return,5
,
chile,5
,
background,5
,
mean,5
,
fianc,4
,
turf,4
,
family+,4
,
bakery,4
,
bus,4
,
process,4
,
future,4
,
dumpling,4
,
class,4
,
trio,4
,
busser,4
,
timing,4
,
pace,4
,
im,4
,
stuffing,4
,
cooking,4
,
resturant,4
,
bucket,4
,
disaster,4
,
worth,4
,
rob,4
,
charlotte+,4
,
tasty,4
,
restroom,4
,
coat,4
,
soda,4
,
perfect,4
,
effect,4
,
madison,4
,
stay,4
,
burntwood,4
,
thick,4
,
seabass,4
,
try+,4
,
st,4
,
discount,4
,
candy,4
,
pitcher,4
,
mint,4
,
superb,4
,
cranberry,4
,
gratuity,4
,
town+,4
,
oz,4
,
leg,4
,
mama,4
,
drinker,4
,
post,4
,
society,4
,
charlotte,4
,
garlic,4
,
oven,4
,
screen,4
,
wrap,4
,
gathering,4
,
skinny,4
,
sirloin,4
,
amazing,4
,
mai,4
,
china,4
,
chewy,4
,
ricotta,4
,
lola,4
,
pig,4
,
killer,4
,
home+,4
,
chip,4
,
container,4
,
teriyaki,4
,
oc,4
,
kid,4
,
hummus,4
,
italy,4
,
ounce,4
,
hubs,4
,
day+,4
,
scaddabush,4
,
atmosphere+,4
,
cluny,4
,
tip+,4
,
miss,4
,
spoon,4
,
yolk,4
,
marinara,4
,
arugula,4
,
pay,4
,
peanut,4
,
partner,4
,
way+,4
,
ton,4
,
breading,4
,
special,4
,
hula,4
,
luck,4
,
almond,4
,
village,4
,
veg,4
,
vendor,4
,
penne,4
,
attempt,4
,
carte,4
,
exception,4
,
mgm,4
,
tim,4
,
par,4
,
step,4
,
tray,4
,
confit,4
,
meh,4
,
track,4
,
country,4
,
movie,4
,
request,4
,
answer,4
,
sherry,4
,
buddy,4
,
haha,4
,
fail,4
,
surf,4
,
change,4
,
come,4
,
tiki,4
,
tavern,4
,
waffle,4
,
legume,4
,
rack,4
,
plaza,4
,
vinegar,4
,
energy,4
,
ayce,4
,
vinaigrette,4
,
alfredo,4
,
chana,4
,
speaker,4
,
location+,4
,
signage,4
,
knife,4
,
run,4
,
action,4
,
industry,4
,
brownie,4
,
cinnamon,4
,
p.m.,4
,
mood,4
,
dessert+,4
,
bindia,4
,
cashew,4
,
temperature,4
,
certificate,4
,
dollar,4
,
id,4
,
guac,4
,
cool,4
,
craft,4
,
success,4
,
gm,4
,
whiskey,4
,
period,4
,
horseradish,4
,
song,4
,
dome,4
,
payment,4
,
cotton,4
,
pepsi,4
,
fix,4
,
comfort,4
,
loaf,4
,
margarita,4
,
miracle,4
,
art,4
,
church,4
,
til,4
,
cor,4
,
herbs,4
,
square,4
,
foyer,4
,
carpet,4
,
divine,4
,
bloody,4
,
achaar,4
,
bar+,4
,
wind,3
,
chair,3
,
lit,3
,
wonton,3
,
department,3
,
thanksgiving,3
,
fudge,3
,
panang,3
,
sampling,3
,
permisis,3
,
whim,3
,
enchilada,3
,
claus,3
,
nice,3
,
pricing,3
,
marsala,3
,
hour+,3
,
sat,3
,
everything+,3
,
cause,3
,
rainforest,3
,
wedge,3
,
yelp+,3
,
pur,3
,
cajun,3
,
char,3
,
thru,3
,
receipt,3
,
team+,3
,
district,3
,
cousin,3
,
dark,3
,
body,3
,
flour,3
,
beet,3
,
notice,3
,
string,3
,
island,3
,
velvet,3
,
enjoy+,3
,
brand,3
,
sun,3
,
garage,3
,
wall,3
,
king,3
,
nothing+,3
,
code,3
,
allergy,3
,
logo,3
,
later,3
,
scoop,3
,
super,3
,
twist,3
,
venison,3
,
fountain,3
,
kilt,3
,
name+,3
,
ny,3
,
anyone+,3
,
clean,3
,
concoction,3
,
walnut,3
,
reaction,3
,
pop,3
,
flan,3
,
mlife,3
,
dac,3
,
thing+,3
,
video,3
,
chicago,3
,
log,3
,
close,3
,
basil,3
,
toilet,3
,
succulent,3
,
cioppino,3
,
mayo,3
,
pre,3
,
horse,3
,
mr.,3
,
sam,3
,
sis,3
,
freshness,3
,
architecture,3
,
carrot,3
,
porter,3
,
kevin,3
,
fake,3
,
debit,3
,
marrow,3
,
syrup,3
,
schedule,3
,
roof,3
,
relleno,3
,
hurry,3
,
kale,3
,
speedway,3
,
cuban,3
,
eglinton,3
,
awhile,3
,
gorgonzola,3
,
contact,3
,
basis,3
,
se,3
,
news,3
,
iberico,3
,
leeks,3
,
dixie,3
,
institution,3
,
review+,3
,
present,3
,
buttermilk,3
,
wagyu,3
,
applebee,3
,
bhatura,3
,
bud,3
,
grub,3
,
arizona,3
,
grape,3
,
panda,3
,
artichoke,3
,
noodle,3
,
huevos,3
,
cupcake,3
,
lo,3
,
gym,3
,
jack,3
,
understood,3
,
stir,3
,
pita,3
,
get,3
,
sauvignon,3
,
holy,3
,
gin,3
,
find,3
,
toddler,3
,
plethora,3
,
downfall,3
,
patio+,3
,
summerlin,3
,
whenever,3
,
straw,3
,
tail,3
,
tower,3
,
daddy,3
,
sigh,3
,
southwest,3
,
wednesday,3
,
sport,3
,
hanger,3
,
balance,3
,
zucchini,3
,
huh,3
,
poisoning,3
,
giada,3
,
jameson,3
,
wellington,3
,
palate,3
,
mission,3
,
tapas,3
,
bruschetta,3
,
factor,3
,
buds,3
,
waste,3
,
access,3
,
respect,3
,
griddle,3
,
spectacular,3
,
gentleman,3
,
artist,3
,
ass,3
,
resort,3
,
signature,3
,
fluffy,3
,
anybody,3
,
fig,3
,
blasting,3
,
foo,3
,
july,3
,
wedding,3
,
arriba,3
,
plus,3
,
welcome,3
,
kill,3
,
pomegranate,3
,
cheap,3
,
respite,3
,
mixologist,3
,
distance,3
,
bit+,3
,
patron,3
,
montr,3
,
display,3
,
scone,3
,
pint,3
,
hill,3
,
speaking,3
,
liking,3
,
tortilla,3
,
preference,3
,
tab,3
,
moist,3
,
film,3
,
scene,3
,
pollo,3
,
soymilk,3
,
feeling,3
,
roost,3
,
flower,3
,
future+,3
,
iron,3
,
prosciutto,3
,
aftertaste,3
,
fave,3
,
falafel,3
,
gourmet,3
,
rigatoni,3
,
nutella,3
,
hall,3
,
friend+,3
,
bottom,3
,
email,3
,
beetroot,3
,
classy,3
,
average,3
,
jeff,3
,
blue,3
,
sundae,3
,
aroma,3
,
sample,3
,
guinness,3
,
race,3
,
hate,3
,
matt,3
,
jambalaya,3
,
carne,3
,
midnight,3
,
connoisseur,3
,
result,3
,
caf,3
,
craving,3
,
cosmo,3
,
stroller,3
,
sand,3
,
west,3
,
please,3
,
al,3
,
heating,3
,
wtf,3
,
hell,3
,
busboy,3
,
watery,3
,
bull,3
,
something+,3
,
somebody,3
,
opening,3
,
design,3
,
truth,3
,
winner,3
,
cleveland+,3
,
franchise,3
,
store+,3
,
knowledge,3
,
damn,3
,
ahi,3
,
farm,3
,
spot+,3
,
savory,3
,
record,3
,
color,3
,
bro,3
,
sauteed,3
,
canada,3
,
toronto,3
,
quail,3
,
order+,3
,
finger,3
,
maker,3
,
wallace,3
,
bahn,3
,
sauerkraut,3
,
need,3
,
tom,3
,
spending,3
,
m,3
,
queue,3
,
i.,3
,
criticism,3
,
coke,3
,
promotion,3
,
substance,3
,
row,3
,
brick,3
,
caprese,3
,
boss,3
,
stick,3
,
health,3
,
factory,3
,
g,3
,
yorker,3
,
dropout,3
,
tone,3
,
ratio,3
,
handful,3
,
history,3
,
mcdonald,3
,
cpk,3
,
salsas,3
,
centre,3
,
asada,3
,
jason,3
,
martinis,3
,
rancheros,3
,
porterhouse,3
,
bestie,3
,
anyhow,3
,
facility,3
,
waiter+,3
,
heck,3
,
blueberry,3
,
butterjoint,3
,
ipad,3
,
catch,3
,
ranch,3
,
blast,3
,
yup,2
,
florentine,2
,
choice+,2
,
excellent,2
,
mami,2
,
sorbet,2
,
fee,2
,
pie+,2
,
smokehouse,2
,
wheat,2
,
lame,2
,
pound,2
,
louisiana,2
,
critique,2
,
fair,2
,
evening+,2
,
expresso,2
,
calzone,2
,
dressler,2
,
bird,2
,
concern,2
,
slab,2
,
tableside,2
,
agent,2
,
jus,2
,
capo,2
,
getaway,2
,
cabernet,2
,
bear,2
,
pearson,2
,
hh,2
,
novelty,2
,
substitution,2
,
firecracker,2
,
chardonnay,2
,
dunkin,2
,
making,2
,
flipside,2
,
lbs,2
,
feedback,2
,
sweat,2
,
le,2
,
edamame,2
,
lassi,2
,
fun+,2
,
bottomless,2
,
talk,2
,
tasteless,2
,
puri,2
,
palace,2
,
enchiladas,2
,
jalape,2
,
turn,2
,
bs,2
,
plating,2
,
chance+,2
,
fitzgerald,2
,
'hood,2
,
mousse,2
,
doughy,2
,
key,2
,
cone,2
,
dinning,2
,
complain,2
,
dance,2
,
pass,2
,
fancy,2
,
hood,2
,
kiddos,2
,
gate,2
,
strip+,2
,
cornbread,2
,
avoid,2
,
gai,2
,
rough,2
,
phoenix+,2
,
fine,2
,
skyline,2
,
percent,2
,
appetite,2
,
fortune,2
,
brazil,2
,
shirt,2
,
savoury,2
,
lol,2
,
gyoza,2
,
condiment,2
,
reserve,2
,
tradition+,2
,
resto,2
,
avocado,2
,
hut,2
,
palette,2
,
macaron,2
,
pleasant,2
,
ready,2
,
nope,2
,
care+,2
,
bday,2
,
risk,2
,
lager,2
,
element,2
,
eclair,2
,
harlem,2
,
.you,2
,
pointe,2
,
draught,2
,
skill,2
,
park,2
,
juan,2
,
kicker,2
,
nightmare,2
,
steak+,2
,
eggnog,2
,
coal,2
,
load,2
,
parm,2
,
spider,2
,
mikey,2
,
angelo,2
,
river,2
,
sink,2
,
jar,2
,
ok.,2
,
exterior,2
,
sushi+,2
,
grapefruit,2
,
interest,2
,
edmund,2
,
term,2
,
gamey,2
,
injera,2
,
claim,2
,
antique,2
,
muffin,2
,
hotel+,2
,
confidence,2
,
w/,2
,
/+,2
,
theater,2
,
p,2
,
scallop,2
,
tequila+,2
,
session,2
,
closer,2
,
greeting,2
,
breakfast+,2
,
favourite,2
,
taylor,2
,
urge,2
,
child,2
,
leek,2
,
verve,2
,
anymore,2
,
hit,2
,
tea+,2
,
crispness,2
,
stomach+,2
,
dry,2
,
sesame,2
,
control,2
,
volume,2
,
root,2
,
eater,2
,
paragraph,2
,
brew,2
,
workout,2
,
character,2
,
cannoli,2
,
carol,2
,
benedict,2
,
milkshake,2
,
metal,2
,
delight,2
,
chris,2
,
semi,2
,
thali,2
,
waldorf,2
,
yelper,2
,
easter,2
,
temp,2
,
assortment,2
,
asap,2
,
fiance,2
,
booty,2
,
quieter,2
,
dress,2
,
sum,2
,
ship,2
,
glendale,2
,
plank,2
,
paneer,2
,
sort+,2
,
mystery,2
,
gut,2
,
loin,2
,
charity,2
,
wagu,2
,
person+,2
,
flaw,2
,
waitstaff,2
,
ewe,2
,
pool,2
,
category,2
,
compliment,2
,
cuz,2
,
vs,2
,
test,2
,
october,2
,
mochiko,2
,
transaction,2
,
poblano,2
,
etoufee,2
,
tenderloin,2
,
arriving,2
,
bath,2
,
forth,2
,
justice,2
,
page,2
,
polenta,2
,
jose,2
,
microwave,2
,
dash,2
,
wheelchair,2
,
rabbit,2
,
omelet,2
,
competition,2
,
cocoa,2
,
pilgrimage,2
,
rangoon,2
,
radar,2
,
deco,2
,
maggiano,2
,
hearing,2
,
salon,2
,
preparation,2
,
ballet,2
,
bc,2
,
bomb,2
,
touff,2
,
facade,2
,
jam,2
,
magnum,2
,
ivy,2
,
construction,2
,
band,2
,
antipasti,2
,
tzatziki,2
,
following,2
,
hungry,2
,
genius,2
,
cutlery,2
,
gumbo,2
,
route,2
,
rueben,2
,
genre,2
,
freezer,2
,
welcoming,2
,
skin,2
,
red,2
,
appreciate,2
,
straight,2
,
hrs,2
,
hook,2
,
drunken,2
,
dingy,2
,
torta,2
,
dipping,2
,
god,2
,
boom,2
,
arm,2
,
pleasure,2
,
policy,2
,
rainbow,2
,
silver,2
,
messy,2
,
buffalo,2
,
norm,2
,
linguine,2
,
eddie,2
,
chinese,2
,
destination,2
,
burritos,2
,
habit,2
,
tweaking,2
,
ceviche,2
,
boo,2
,
yuck,2
,
stage,2
,
blackcurrant,2
,
hesitate,2
,
exchange,2
,
damage,2
,
rustler,2
,
event+,2
,
door+,2
,
brown,2
,
quality+,2
,
hunter,2
,
hazelnut,2
,
mary,2
,
papa,2
,
pushap,2
,
myself,2
,
stale,2
,
chinatown,2
,
input,2
,
portabella,2
,
behavior,2
,
lcbo,2
,
proud,2
,
coma,2
,
laugh,2
,
man+,2
,
jumper,2
,
carside,2
,
magic,2
,
awesome,2
,
tongue,2
,
hotpot,2
,
description,2
,
spent+,2
,
grinch,2
,
tagliatelle,2
,
wonderful,2
,
runner,2
,
pro,2
,
focus,2
,
april,2
,
alright,2
,
table+,2
,
sooooo,2
,
jimmy,2
,
voice,2
,
tracy,2
,
company+,2
,
b,2
,
jung,2
,
second,2
,
gas,2
,
cartel,2
,
forward,2
,
game+,2
,
jordan,2
,
whole,2
,
silverware,2
,
kismet,2
,
malt,2
,
yorkshire,2
,
stone,2
,
response,2
,
budget,2
,
duration,2
,
mound,2
,
ability,2
,
conclusion,2
,
secret,2
,
@,2
,
brief,2
,
drove,2
,
josper,2
,
neighbor,2
,
entertainment,2
,
reason+,2
,
reminder,2
,
aliante,2
,
edge,2
,
complement,2
,
trust,2
,
ol,2
,
veal,2
,
lesson,2
,
belt,2
,
cap,2
,
very,2
,
competent,2
,
empanadas,2
,
security,2
,
bacchanal,2
,
au,2
,
daughter-in-law,2
,
tibs,2
,
cloud,2
,
week+,2
,
az,2
,
representation,2
,
act,2
,
pricy,2
,
essence,2
,
buck,2
,
platinum,2
,
hoof,2
,
desire,2
,
medium-rare,2
,
staple,2
,
gal,2
,
mashed,2
,
po,2
,
raise,2
,
score,2
,
stack,2
,
pic,2
,
logic,2
,
steward,2
,
hot,2
,
espresso,2
,
splurge,2
,
cheery,2
,
cirque,2
,
pao,2
,
father,2
,
northeast,2
,
hold,2
,
meringue,2
,
tiniest,2
,
jowl,2
,
excitement,2
,
oxtail,2
,
christmastime,2
,
puffy,2
,
puff,2
,
pb,2
,
del,2
,
decoration,2
,
cosmopolitan,2
,
melty,2
,
sad,2
,
war,2
,
nutcracker,2
,
#NAME?,2
,
trap,2
,
good,2
,
professionalism,2
,
coleslaw,2
,
fairness,2
,
consideration,2
,
tank,2
,
kudos,2
,
marry,2
,
speedy,2
,
blanc,2
,
punch,2
,
dog,2
,
circular,2
,
mezzaluna,2
,
hakkasan,2
,
amongst,2
,
creole,2
,
wait+,2
,
confirmation,2
,
skillet,2
,
coating,2
,
broccoli,2
,
advertising,2
,
costco,2
,
goo,2
,
naan,2
,
caffe,2
,
write,2
,
gimmick,2
,
siu,2
,
kabob,2
,
pride,2
,
josh,2
,
nyc,2
,
nascar,2
,
makerel,2
,
bobby,2
,
mex,2
,
tripe,2
,
pastie,2
,
form,2
,
reply,2
,
roaring,2
,
smoking,2
,
coworker,2
,
johns,2
,
rocket,2
,
handle,2
,
booking,2
,
crazy,2
,
comforting,2
,
carafe,2
,
melting,2
,
bp,2
,
pairing,2
,
..,2
,
incorrect,2
,
sate,2
,
szechuan,2
,
museum,2
,
flamingo,2
,
lid,2
,
chandler,2
,
comfy,2
,
failure,2
,
montreal,2
,
grandfather,2
,
queso,2
,
ware,2
,
eaton,2
,
attention+,2
,
dj,2
,
juniper,2
,
weird,2
,
receptionist,2
,
sale,2
,
zombie,2
,
disney,2
,
dine,2
,
strange,2
,
vibe+,2
,
overload,2
,
lunchtime,2
,
terminal,2
,
peach,2
,
valet,2
,
task,2
,
bussing,2
,
wildflower,2
,
package,2
,
apology,2
,
gyros,2
,
mushu,2
,
travel,2
,
lv,2
,
dive,2
,
runny,2
,
point+,2
,
tai,2
,
cocotte,2
,
compote,2
,
male,2
,
expediter,2
,
ramsey,2
,
joy,2
,
stuff+,2
,
pepperoni,2
,
crispiness,2
,
rudy,2
,
creaminess,2
,
cheeseburger,2
,
clothing,2
,
deck,2
,
jin,2
,
storm,2
,
lb,2
,
leeway,2
,
creek,2
,
belliago,2
,
fois,2
,
mole,2
,
music+,2
,
ps,2
,
glance,2
,
anomaly,2
,
smoky,2
,
dump,2
,
seahawks,2
,
odd,2
,
burger+,2
,
raisin,2
,
inlaws,2
,
jaleo,2
,
glaze,2
,
money+,2
,
j,2
,
job+,2
,
upstairs,2
,
library,2
,
trouble,2
,
group+,2
,
biet,2
,
crema,2
,
princess,2
,
recovery,2
,
maple,2
,
pocket,2
,
mountain,2
,
ten,2
,
lie,2
,
feta,2
,
deer,2
,
stand,2
,
thank+,2
,
lemongrass,2
,
cherry,2
,
smell,2
,
habanero,2
,
mixture,2
,
star+,2
,
jamie,2
,
hanging,2
,
raita,2
,
morton,2
,
handicap,2
,
es,2
,
duh,2
,
embarrassment,2
,
spouse,2
,
alarm,2
,
cask,2
,
direction,2
,
caviar,2
,
cheek,2
,
surprise+,2
,
bug,2
,
teppanyaki,2
,
ingo,2
,
plantain,2
,
wi,2
,
worker,2
,
land,2
,
byob,2
,
udon,2
,
function,2
,
blackboard,2
,
souffle,2
,
accompaniment,2
,
reality,2
,
mmm,2
,
plum,2
,
fruity,2
,
con,2
,
sambalatte,2
,
employer,2
,
tamale,2
,
leslie,2
,
diego,2
,
address,2
,
tokyo,2
,
twice,2
,
gras,2
,
slot,2
,
throw,2
,
climate,2
,
boxing,2
,
above,2
,
outing,2
,
mimosas,2
,
opinion+,2
,
link,2
,
valley+,2
,
and/or,2
,
hollywood,2
,
denver,2
,
leaf,2
,
treatment,2
,
inconvenience,2
,
fighting,2
,
hesitant,2
,
sunrise,2
,
deposit,2
,
glass+,2
,
pumpkin,2
,
fusion,2
,
tad,2
,
shit,2
,
bet,2
,
tee,2
,
appointment,2
,
dont,2
,
clue,2
,
queen,2
,
simple,2
,
sky,2
,
pretzel,2
,
shadyside,2
,
decency,2
,
erin,2
,
standard,2
,
supper,2
,
dec,2
,
sh***y,2
,
desk,2
,
ligalis,2
,
shift,2
,
delicouse,1
,
speakeasy,1
,
everytime,1
,
disappoint,1
,
reading,1
,
crafty,1
,
bright,1
,
wasakawa,1
,
wesley,1
,
sp,1
,
somehow,1
,
wahoo,1
,
house+,1
,
error,1
,
.we,1
,
night..,1
,
anthony,1
,
scrambler,1
,
quarter,1
,
ripasso,1
,
thia,1
,
fen,1
,
poutine,1
,
arrive,1
,
jimenez,1
,
earful,1
,
happiness,1
,
intro,1
,
marker,1
,
storefront,1
,
perimeter,1
,
pandy,1
,
marg,1
,
aisle,1
,
eyesore,1
,
raj,1
,
amount+,1
,
cesar,1
,
rockefeller,1
,
twelve,1
,
thanjai,1
,
thee,1
,
individual,1
,
beam,1
,
lon,1
,
downhill,1
,
buckwheat,1
,
maryland,1
,
expense,1
,
tvs,1
,
imo,1
,
anniversary,1
,
.no,1
,
kibbeh,1
,
amanda,1
,
finish,1
,
cave,1
,
casserole,1
,
suite,1
,
cutlet,1
,
mei,1
,
sheena,1
,
cannolis,1
,
identity,1
,
martin,1
,
chipotle,1
,
norterra,1
,
joynt,1
,
expression,1
,
comp,1
,
sauce.,1
,
brunette,1
,
snowbird,1
,
pate,1
,
tix4dinner,1
,
room+,1
,
popeyes,1
,
garland,1
,
savouring,1
,
priority,1
,
grant,1
,
fry,1
,
chaat,1
,
chardenay,1
,
creativity,1
,
windmill,1
,
yrs,1
,
heath,1
,
rosemary,1
,
fireball,1
,
'stache,1
,
side+,1
,
champion,1
,
rule,1
,
gold,1
,
moisture,1
,
.she,1
,
food/,1
,
napkin,1
,
sempre,1
,
ticket+,1
,
aioli,1
,
rio+,1
,
envy,1
,
montagnarde,1
,
downside+,1
,
tale,1
,
liter,1
,
pierogi,1
,
perch,1
,
scramble,1
,
.this,1
,
sustainability,1
,
rig,1
,
diversity,1
,
glory,1
,
dente,1
,
enoki,1
,
cheesesteak,1
,
told,1
,
afternoon+,1
,
gouda,1
,
pacing,1
,
decorations/,1
,
reverse,1
,
encore,1
,
cuff,1
,
suffering,1
,
intelligence,1
,
#NAME?,1
,
booze,1
,
upbeat,1
,
hidden+,1
,
yummy+,1
,
swamp-like,1
,
casarecche,1
,
mouthful,1
,
smash,1
,
pappadeaux,1
,
thermostat,1
,
dutch,1
,
contingent,1
,
tab+,1
,
sensation,1
,
osso,1
,
revitalization,1
,
#NAME?,1
,
foieffle,1
,
benefit+,1
,
epicenter,1
,
answering,1
,
folie,1
,
tostadas,1
,
benjamin,1
,
fox,1
,
turnaround,1
,
soups,1
,
snowy+,1
,
smelling,1
,
asap+,1
,
p.s,1
,
cacciatore,1
,
europe,1
,
rip-off+,1
,
sproutss,1
,
s,1
,
waste+,1
,
nugget,1
,
leap,1
,
scale,1
,
coventry,1
,
chicken..,1
,
restaurant.com,1
,
protein,1
,
creature,1
,
drug,1
,
fairmont,1
,
mile,1
,
dud,1
,
foh,1
,
chrismas+,1
,
tumbleweed,1
,
earl,1
,
hen,1
,
fl,1
,
midway,1
,
taste+,1
,
craze,1
,
comida,1
,
precision,1
,
wowza,1
,
chimichura,1
,
cleaver,1
,
bingsoo,1
,
staffer,1
,
third,1
,
prediction,1
,
pass+,1
,
mistake+,1
,
banh,1
,
stairs,1
,
community,1
,
origin,1
,
omg,1
,
milder,1
,
march,1
,
enterteiment,1
,
tarragon,1
,
portobello,1
,
spear,1
,
barnwood,1
,
fight,1
,
japan,1
,
expectation,1
,
activity+,1
,
rib-eye,1
,
nicer,1
,
dope,1
,
chili+,1
,
wellness,1
,
argh,1
,
carbonara,1
,
whaaaaat,1
,
k,1
,
..gravy,1
,
heavy,1
,
ridiculousness,1
,
gem+,1
,
haggis,1
,
prime,1
,
pretend,1
,
distillery+,1
,
etc+,1
,
deserrt,1
,
organization/management,1
,
..life,1
,
shut,1
,
appitizer,1
,
tryon,1
,
unique+,1
,
alternate,1
,
roller,1
,
see,1
,
beet/egg,1
,
mall/food,1
,
os,1
,
yummys,1
,
cup+,1
,
toll,1
,
hu,1
,
made,1
,
dairy,1
,
premier,1
,
aka,1
,
quirky,1
,
guard,1
,
pomodoro,1
,
sawdust,1
,
sourness,1
,
ohio+,1
,
anything+,1
,
birra,1
,
prarie,1
,
'q,1
,
routine,1
,
demeanor,1
,
larb,1
,
contadina,1
,
asia,1
,
go,1
,
poisoning+,1
,
slik,1
,
mandarin,1
,
favourite+,1
,
zanzibar,1
,
zip,1
,
existence,1
,
crescent,1
,
..+,1
,
year-old,1
,
goal,1
,
torpedo,1
,
quince,1
,
ya,1
,
ravioli+,1
,
motivation,1
,
fu,1
,
fieri,1
,
pre-christmas,1
,
#NAME?,1
,
none+,1
,
drawback,1
,
experience/,1
,
paradise,1
,
cristicism,1
,
stato,1
,
deliberation,1
,
flatiron,1
,
standalone,1
,
#NAME?,1
,
luma,1
,
b'fast,1
,
wed,1
,
approximate,1
,
extreme,1
,
ff,1
,
elena,1
,
square+,1
,
celery,1
,
shack,1
,
passionate,1
,
rio,1
,
fettuccine,1
,
unquote,1
,
doesnt,1
,
ball+,1
,
duke,1
,
crescenza,1
,
hulas,1
,
donut,1
,
inaccuracy,1
,
colleague,1
,
jd+,1
,
frank,1
,
shack+,1
,
doorway,1
,
housekeeping,1
,
childhood,1
,
bourguignon..but,1
,
winter+,1
,
hoppiness,1
,
brazil+,1
,
tomatoe,1
,
vist,1
,
godlike,1
,
mediterranean,1
,
it..,1
,
matcha,1
,
chocolate/caramel,1
,
plus-,1
,
mojitos,1
,
vegas-status-quality,1
,
comb,1
,
thousand,1
,
tape,1
,
gambling,1
,
dr.,1
,
pressure,1
,
iceberg,1
,
x,1
,
coach,1
,
shio,1
,
sleeker,1
,
..after,1
,
bait,1
,
spoonfuls,1
,
minutes..unheard,1
,
yumminess,1
,
cruise,1
,
epice,1
,
debs,1
,
yorkdale,1
,
http,1
,
canh,1
,
let+,1
,
wifey,1
,
cider,1
,
watermelon,1
,
book+,1
,
burrata,1
,
finding,1
,
waiting,1
,
incentive,1
,
conversition,1
,
west+,1
,
occasion+,1
,
windy,1
,
mom-and-pop,1
,
beard,1
,
pirogi,1
,
exaggeration,1
,
buonissimo,1
,
south,1
,
milestone,1
,
territory,1
,
title,1
,
parmigiana,1
,
crumbs,1
,
off,1
,
eat24+,1
,
cutesy,1
,
chick,1
,
mona+,1
,
mackerel,1
,
worry,1
,
party/get,1
,
resto..,1
,
triumph,1
,
driver,1
,
pei,1
,
tandoori,1
,
reasonable,1
,
pit,1
,
hang,1
,
dragon,1
,
travelzoo,1
,
hush,1
,
orangensaft,1
,
pricing-,1
,
diet,1
,
curd,1
,
upon,1
,
witty,1
,
thin,1
,
whilst,1
,
taos,1
,
detail+,1
,
erma,1
,
suitcase,1
,
golf,1
,
jewelry,1
,
dolphin,1
,
pufs,1
,
establishment+,1
,
zesty,1
,
mason,1
,
is-,1
,
carb,1
,
dd,1
,
agenda,1
,
cruddy,1
,
bitty,1
,
extra,1
,
washroom,1
,
train,1
,
gift+,1
,
zoo,1
,
relief,1
,
veza,1
,
sns,1
,
crock,1
,
brio+,1
,
burner,1
,
clutch,1
,
favor,1
,
happen,1
,
match,1
,
vancouver,1
,
salsiccia,1
,
saut,1
,
organizer,1
,
coicidence,1
,
musac,1
,
hotter,1
,
greenbush,1
,
wheel,1
,
jessica,1
,
juiciness,1
,
grind,1
,
inch,1
,
thriving,1
,
edm,1
,
center+,1
,
bbq+,1
,
resource,1
,
ramp,1
,
#NAME?,1
,
chilly,1
,
bada,1
,
master,1
,
bruscetta,1
,
paint,1
,
chainsaw,1
,
dignity,1
,
departure,1
,
agreement,1
,
tri,1
,
trifecta,1
,
tell,1
,
ohmygosh,1
,
asparagus+,1
,
offense,1
,
noticing,1
,
cb,1
,
product,1
,
comfy+,1
,
rep,1
,
equipment,1
,
it.and,1
,
soo,1
,
quet,1
,
clifton,1
,
halloween,1
,
treat+,1
,
kitchen+,1
,
speechless,1
,
jiminy,1
,
tsos,1
,
uye,1
,
hallmark,1
,
thailand,1
,
burro,1
,
barbecue+,1
,
rectangle,1
,
august,1
,
sociale,1
,
kindness,1
,
neck,1
,
priveate,1
,
a+,1
,
jade+,1
,
iphone,1
,
empty,1
,
all-time,1
,
s.,1
,
cosby,1
,
calm,1
,
boring,1
,
luke-warm,1
,
universe,1
,
balsamic,1
,
season+,1
,
mccarran,1
,
bitterballen,1
,
breeze,1
,
burnt,1
,
aix,1
,
delivery/,1
,
pikliz,1
,
grip,1
,
noche,1
,
poutin,1
,
stove,1
,
crabs,1
,
moon,1
,
baker,1
,
ill.,1
,
cool+,1
,
convection,1
,
endeavor+,1
,
armpit,1
,
ease,1
,
tte,1
,
olympic,1
,
dennis,1
,
adjective,1
,
rebecca,1
,
lake,1
,
sip,1
,
terroni,1
,
unsure,1
,
intimate,1
,
whatsoever,1
,
couldnt,1
,
irishman,1
,
sss,1
,
boulevard,1
,
salivate,1
,
high-quality,1
,
struggle,1
,
campus,1
,
ham+,1
,
duper,1
,
instance,1
,
disgusting,1
,
lenny,1
,
chockablock,1
,
mien,1
,
till,1
,
debilitating,1
,
entity,1
,
future..,1
,
festival,1
,
in-laws,1
,
afternoon/evening+,1
,
seller,1
,
canton,1
,
rachel,1
,
french,1
,
colorado,1
,
wealth,1
,
montha,1
,
want,1
,
complexity,1
,
daube,1
,
constitution,1
,
jimstar+,1
,
musician,1
,
cups,1
,
typed,1
,
service/,1
,
bueno,1
,
joking,1
,
meyer,1
,
'volcano,1
,
temperance,1
,
=,1
,
commute,1
,
award,1
,
appearance,1
,
chef-romo,1
,
consumption,1
,
estella,1
,
serendipity,1
,
kate,1
,
strip/sidewalk,1
,
oso,1
,
circumstance,1
,
cq,1
,
patata+,1
,
bussle,1
,
bacon/avocado,1
,
dim/dark,1
,
self,1
,
gabriel,1
,
grief,1
,
barley,1
,
seitan,1
,
fav,1
,
indication,1
,
arguing,1
,
kind+,1
,
vodkas,1
,
betel,1
,
fennel,1
,
jazz,1
,
delmonico,1
,
harm,1
,
refrigerator,1
,
vote,1
,
trevett,1
,
pear,1
,
thirst,1
,
roomy,1
,
shopper,1
,
earlyer,1
,
snapchat,1
,
tang,1
,
bolognese,1
,
rubber,1
,
cooler,1
,
benefit,1
,
angostura,1
,
lampoon,1
,
halusky,1
,
sexier,1
,
meaning,1
,
ordering,1
,
efficient,1
,
subtle,1
,
pillow,1
,
.bad,1
,
sprinkling,1
,
enjoyment,1
,
johnny,1
,
niece,1
,
lardo,1
,
nan,1
,
entryway,1
,
krab,1
,
pallet,1
,
restos,1
,
staffed,1
,
*gulp*,1
,
cafe+,1
,
mile+,1
,
shout,1
,
snafu,1
,
moonshine,1
,
funk,1
,
suffice+,1
,
tapas+,1
,
denny+,1
,
komex,1
,
dalan,1
,
atm,1
,
pony+,1
,
subpar,1
,
sting,1
,
fix+,1
,
zuppa,1
,
vension,1
,
casino+,1
,
gaminess,1
,
camelback,1
,
trek,1
,
reward,1
,
slim,1
,
lining,1
,
grandparent,1
,
tow,1
,
torontonian,1
,
birdhouse,1
,
mark-up,1
,
albanil,1
,
reliability,1
,
split,1
,
honor,1
,
hipster,1
,
detail,1
,
sujeo,1
,
gerschnitzel,1
,
candle,1
,
guitar,1
,
seltzer,1
,
corey,1
,
~35,1
,
aspect,1
,
hahaha,1
,
ruby,1
,
feel+,1
,
rick,1
,
ho+,1
,
faint,1
,
bustling,1
,
borderline,1
,
barbeque,1
,
lvl,1
,
snag,1
,
snowstorm,1
,
luxor,1
,
piccata,1
,
privilege,1
,
calms,1
,
entertainer,1
,
futomaki,1
,
bolt,1
,
asado,1
,
customoer,1
,
bombs,1
,
clubbing,1
,
combo+,1
,
praise,1
,
tastiness,1
,
chive,1
,
yummo,1
,
ws,1
,
peel,1
,
angst,1
,
ed,1
,
skeleton,1
,
petting,1
,
planning,1
,
florida,1
,
residue,1
,
scam,1
,
pappardelle,1
,
jerry,1
,
principle,1
,
conversation+,1
,
nightclub,1
,
sazerac,1
,
fork+,1
,
mastacholi,1
,
paste,1
,
keeper,1
,
tieu,1
,
county,1
,
hog,1
,
sheet,1
,
homer,1
,
pyjamas,1
,
conveyer,1
,
environment+,1
,
dare,1
,
parlor,1
,
block+,1
,
prohibition,1
,
shaker,1
,
carnegie,1
,
bock,1
,
tx,1
,
bison,1
,
back.15,1
,
gaming,1
,
azul,1
,
intl,1
,
people-watch,1
,
broccoli+,1
,
latin,1
,
margareta,1
,
robert,1
,
urgency,1
,
quartet,1
,
working,1
,
bartendress,1
,
setup,1
,
meze,1
,
lightning,1
,
cheyenne,1
,
ahem,1
,
oscar,1
,
nook,1
,
pizza+,1
,
manuscript+,1
,
snow,1
,
goodbye,1
,
level+,1
,
chime,1
,
capellini,1
,
co,1
,
crowding+,1
,
drink/food,1
,
vicinity,1
,
rampart,1
,
humanity,1
,
tiger,1
,
crisis,1
,
buy,1
,
metel,1
,
solo,1
,
dynamite,1
,
sojourn,1
,
hellion,1
,
price-wise,1
,
zohan,1
,
weight,1
,
rear,1
,
naka,1
,
past+,1
,
rubbery,1
,
randy,1
,
palms,1
,
try..+,1
,
lucille,1
,
levels-,1
,
vegetarian,1
,
max,1
,
.high,1
,
cappuccino,1
,
caution+,1
,
whoppie,1
,
combos,1
,
tobasco,1
,
originality+,1
,
crouqette,1
,
addict,1
,
lava,1
,
hunt,1
,
speed,1
,
oeuf,1
,
aladdin,1
,
nstead,1
,
edge+,1
,
focaccia,1
,
catalan,1
,
attraction,1
,
sucker,1
,
mcninch,1
,
crostini,1
,
wayne+,1
,
sitter,1
,
menu-,1
,
dec.,1
,
hibachi,1
,
moo,1
,
dragnet,1
,
smallet,1
,
veloute,1
,
turkey+,1
,
minus,1
,
copper,1
,
highway,1
,
amazingness,1
,
ha+,1
,
lollipop,1
,
to-date,1
,
hitch,1
,
scent,1
,
cosy,1
,
george,1
,
voila,1
,
grampa,1
,
rail,1
,
iowa,1
,
xmas+,1
,
cuisine+,1
,
gyozas,1
,
romano,1
,
luncheon,1
,
buco+,1
,
chambana,1
,
pepito,1
,
subway,1
,
self-parking,1
,
steam,1
,
ember,1
,
sunset,1
,
changer,1
,
wynn,1
,
tweaker,1
,
ragoon,1
,
establishment-+,1
,
dollop,1
,
liverwurst,1
,
bang,1
,
medallion,1
,
byron,1
,
incident,1
,
arbor,1
,
roux,1
,
tequila,1
,
simplicity,1
,
price-tag,1
,
vegan,1
,
entress,1
,
.decor,1
,
roy,1
,
out/lunch,1
,
aloha+,1
,
lackluster,1
,
amb,1
,
peeve,1
,
hollandais,1
,
byrd,1
,
.it,1
,
copy,1
,
furniture,1
,
cork,1
,
taker+,1
,
bar-b-que,1
,
sourdough,1
,
liver,1
,
tendon,1
,
discomfort,1
,
wit,1
,
#NAME?,1
,
resturantsin,1
,
anticipation,1
,
ordeal,1
,
tissue,1
,
replacement,1
,
omen,1
,
flaky,1
,
cover,1
,
nirvana+,1
,
promptness+,1
,
caffeine,1
,
apart,1
,
choosing,1
,
friendliness,1
,
.all,1
,
hallway,1
,
fowl,1
,
applause,1
,
shipping,1
,
chistmas,1
,
sizzling,1
,
marscapone,1
,
stat,1
,
pici,1
,
consistent,1
,
fixture,1
,
pianos,1
,
speech,1
,
info,1
,
yonge,1
,
alredy,1
,
mild,1
,
soooo,1
,
gee,1
,
finallu,1
,
perse,1
,
zuccini,1
,
breath,1
,
*think*,1
,
legit,1
,
corridor,1
,
dodo,1
,
appetizing,1
,
patisserie,1
,
loudness,1
,
strap,1
,
memorable,1
,
dan,1
,
mapping,1
,
appetite+,1
,
half-off,1
,
caroler,1
,
inviting,1
,
passion,1
,
romance,1
,
considerate,1
,
rarity,1
,
produce,1
,
mmmm,1
,
fill,1
,
shiny,1
,
tort,1
,
ribye,1
,
death,1
,
itself..,1
,
client+,1
,
studio+,1
,
cobb,1
,
echo,1
,
belly,1
,
enter,1
,
vegetarian/vegan,1
,
raffaldini,1
,
blame,1
,
bouillabaisse,1
,
outback,1
,
dining+,1
,
gator,1
,
jesus,1
,
papadi,1
,
baja,1
,
top-notch,1
,
praline,1
,
win,1
,
homey,1
,
mouse,1
,
loud,1
,
tree+,1
,
edaname,1
,
parsley,1
,
swung,1
,
brandon,1
,
conflict,1
,
buco,1
,
clientele+,1
,
cle+,1
,
phoenician,1
,
blossom,1
,
quibble,1
,
o'clock,1
,
blind,1
,
content,1
,
degree,1
,
jersey,1
,
fiction,1
,
me-,1
,
coriander,1
,
selection-,1
,
snob,1
,
flu,1
,
relationship,1
,
mamma,1
,
wee,1
,
hospitality,1
,
pimento,1
,
goodwill,1
,
aria,1
,
bellagio+,1
,
lunch/breakfast,1
,
pastrami,1
,
ritz,1
,
marketing,1
,
pintos,1
,
suppose,1
,
chez,1
,
marching,1
,
provalone,1
,
office+,1
,
spice+,1
,
/diner,1
,
nougatine,1
,
sentence,1
,
tatin,1
,
co-worker,1
,
bow,1
,
takeout+,1
,
barista,1
,
conscience,1
,
domination,1
,
shabby,1
,
stairway,1
,
striploin,1
,
hh+,1
,
cerreta,1
,
gf+,1
,
amaretto,1
,
specs,1
,
liquid,1
,
porkchop,1
,
america,1
,
desperation,1
,
network,1
,
daniela,1
,
temper,1
,
pinche,1
,
spent,1
,
sprite,1
,
maggianos,1
,
spain,1
,
#NAME?,1
,
sentiment,1
,
thu,1
,
ahhhh,1
,
ehhh,1
,
general,1
,
bravo+,1
,
forever,1
,
gansta,1
,
rainbow/215,1
,
empire,1
,
merlot,1
,
rosati,1
,
applause+,1
,
nelson,1
,
parf,1
,
wouldnt,1
,
glassware,1
,
managers/chef,1
,
waupaas,1
,
carry,1
,
presto,1
,
perfectly.hubby,1
,
deniro,1
,
computer,1
,
towering,1
,
choose,1
,
quote,1
,
clams,1
,
quailty,1
,
policy+,1
,
susci,1
,
mw,1
,
time-,1
,
patience,1
,
nacho,1
,
gallery,1
,
stool,1
,
voodoo+,1
,
wish+,1
,
-meh+,1
,
oxymoron,1
,
skirt,1
,
connoisseurs,1
,
rest+,1
,
invoice,1
,
mother-in-law,1
,
audacity,1
,
disease,1
,
asahi,1
,
orso,1
,
open,1
,
dietary,1
,
bollywood,1
,
move,1
,
katsu,1
,
climb,1
,
seating+,1
,
reorder,1
,
#NAME?,1
,
sandwich/onion,1
,
buffet+,1
,
scotch,1
,
vodka/water,1
,
cook+,1
,
cactus,1
,
pas,1
,
paul,1
,
lemony,1
,
miscommunication,1
,
fancy+,1
,
a.,1
,
rourke,1
,
compensation,1
,
duet,1
,
barrel,1
,
fondue-y,1
,
upkeep,1
,
cutting,1
,
purpose,1
,
salad-,1
,
swing,1
,
egg+,1
,
charcoal,1
,
groovy,1
,
grease,1
,
satay,1
,
chocolaty,1
,
candy+,1
,
interruption,1
,
repeat,1
,
rooftop,1
,
bullet,1
,
breathe,1
,
cancel,1
,
inn,1
,
ga.,1
,
fave+,1
,
meaty,1
,
tuffle,1
,
wear,1
,
tb,1
,
dish+,1
,
unami,1
,
residence,1
,
bowl+,1
,
consist,1
,
fluid,1
,
/hostess,1
,
philadelphia+,1
,
metro,1
,
chen,1
,
minimum,1
,
comprehension,1
,
ronin,1
,
guava,1
,
street+,1
,
makarel,1
,
felt,1
,
edgewater,1
,
chatting,1
,
rob+,1
,
milan,1
,
keepsake,1
,
greedy,1
,
guy+,1
,
oval,1
,
panini+,1
,
honeycomb,1
,
pin,1
,
goood,1
,
greasy,1
,
sunday+,1
,
romaine,1
,
andrey,1
,
disappointing,1
,
tobiko,1
,
hence,1
,
noisy,1
,
success+,1
,
eyed,1
,
fuck,1
,
so-so,1
,
**edit,1
,
blond,1
,
tailor,1
,
aquarium/pool,1
,
hover,1
,
bologna,1
,
beware,1
,
supplier,1
,
internet,1
,
jaleo+,1
,
grab,1
,
dropped/lost,1
,
butcher,1
,
together,1
,
napoletena,1
,
disgrace,1
,
beachwood,1
,
spiciness/heat,1
,
stress,1
,
charleston,1
,
'jaffaron,1
,
bonita,1
,
training,1
,
cannelloni,1
,
noise,1
,
michael,1
,
bruchetta,1
,
client,1
,
order/bar,1
,
heart+,1
,
toughness,1
,
lanterna,1
,
though,1
,
off-period,1
,
shawarma,1
,
stream,1
,
amatriciana,1
,
must-try,1
,
delivery+,1
,
jr.,1
,
maplewood,1
,
ideal,1
,
slider,1
,
safety,1
,
tip-off,1
,
sneaky,1
,
valley,1
,
heckuva,1
,
mine+,1
,
index,1
,
place/decor/atmosphere,1
,
minimal,1
,
pre-thanksgiving,1
,
politeness,1
,
grandmother,1
,
bark,1
,
quebec,1
,
privacy,1
,
drift,1
,
negative,1
,
ambience+,1
,
ramon,1
,
macaroni,1
,
neither/nor,1
,
picky,1
,
barramundi,1
,
managing,1
,
bodino,1
,
fatty,1
,
bonanza,1
,
rings/sugar+,1
,
bother,1
,
mapu,1
,
lucifer,1
,
feed,1
,
melt,1
,
grouper,1
,
yujie,1
,
belgium,1
,
atchafalaya,1
,
leftover,1
,
mead,1
,
alberta,1
,
scare,1
,
stretch,1
,
deb,1
,
eiffel,1
,
invention,1
,
huarache,1
,
flapjack,1
,
balcony,1
,
conservatory,1
,
theeee,1
,
tao,1
,
treacle,1
,
'upscale,1
,
focosita,1
,
papago,1
,
'funfetti,1
,
strand,1
,
headset,1
,
play,1
,
definite,1
,
originality,1
,
wad,1
,
roundabout,1
,
sambusek,1
,
hay,1
,
elephant,1
,
avocados,1
,
handroll,1
,
hefe,1
,
mimi,1
,
auto,1
,
anime,1
,
nectar,1
,
preset,1
,
bedroom,1
,
et+,1
,
heirloom,1
,
semillon,1
,
theory,1
,
bourbon,1
,
soccer,1
,
delivering,1
,
kartoffelsahnesuppe,1
,
waist,1
,
say'in,1
,
culture,1
,
eggplant,1
,
sierra,1
,
patati,1
,
hershey,1
,
marinelli,1
,
kenosha,1
,
culinary,1
,
diligence,1
,
nonetheless,1
,
gooey,1
,
go-tos,1
,
oliver,1
,
entourage,1
,
el,1
,
quinoa,1
,
bare,1
,
david,1
,
scarf,1
,
bike,1
,
exceptional,1
,
take-out+,1
,
verde,1
,
hussle,1
,
coffee+,1
,
mgr,1
,
lawrys,1
,
responsibility,1
,
mickey,1
,
cheapo,1
,
attitude+,1
,
gps,1
,
umami,1
,
vanilla/raspberry,1
,
mirror,1
,
attack,1
,
sock,1
,
sonoran,1
,
shiggy,1
,
sorry+,1
,
yep,1
,
standout,1
,
enthusiasm,1
,
sour/sweet,1
,
overture,1
,
understand,1
,
holiday+,1
,
wok,1
,
ciabatta,1
,
mecca,1
,
ornament,1
,
argo,1
,
heathen,1
,
chicken/rib,1
,
feedback+,1
,
cayenne,1
,
behold,1
,
aj,1
,
restuarant,1
,
morning+,1
,
poblana,1
,
singapore,1
,
facebook,1
,
tremont,1
,
nuage,1
,
prison,1
,
cellar,1
,
ripoff,1
,
input+,1
,
cross,1
,
evan,1
,
promo,1
,
fran+,1
,
brandy,1
,
kitchen/bar,1
,
gow,1
,
variation+,1
,
license,1
,
montana,1
,
prie,1
,
buffett,1
,
toffee,1
,
hmmm,1
,
kaffir,1
,
everyday,1
,
urbanspoon,1
,
grubhub,1
,
list+,1
,
newer,1
,
decade,1
,
clubber,1
,
grigio,1
,
token,1
,
flag,1
,
lean,1
,
favor+,1
,
label,1
,
snitch,1
,
michigas,1
,
beauty,1
,
gunshot,1
,
say..,1
,
harlot,1
,
shoe,1
,
heater,1
,
filling+,1
,
plastic,1
,
mocha,1
,
portugese,1
,
rosa,1
,
alley,1
,
nite,1
,
wrong.the,1
,
distribution,1
,
noise+,1
,
frozen,1
,
herb,1
,
serrano,1
,
jeez,1
,
x3,1
,
picanha,1
,
spicery,1
,
jpp,1
,
performance,1
,
appetizer-wise,1
,
passage,1
,
rowdy,1
,
homework,1
,
petrossian,1
,
squeeze,1
,
suffice,1
,
think,1
,
dismay,1
,
vino,1
,
umiya,1
,
lorain,1
,
headcount,1
,
taelor,1
,
papram,1
,
sandwich+,1
,
animal,1
,
mount,1
,
account,1
,
centennial,1
,
dogwood,1
,
buche,1
,
snack,1
,
exlax,1
,
position,1
,
cristo,1
,
estimate,1
,
doner,1
,
byham,1
,
getto,1
,
apertif,1
,
oj,1
,
pescado,1
,
woodland,1
,
mix-up,1
,
bristol,1
,
simpson,1
,
absolute,1
,
peasantry,1
,
machata,1
,
photos,1
,
faith,1
,
wintery,1
,
sooo,1
,
discussion,1
,
//youtu.be/lpkmm3yvuoa+,1
,
palak,1
,
eh+,1
,
jr,1
,
pigeon,1
,
christmas/winter,1
,
sweetie,1
,
baghdad,1
,
#NAME?,1
,
bf+,1
,
ribbon,1
,
fyi,1
,
awe,1
,
mrs.,1
,
loss,1
,
libery,1
,
yolie,1
,
opera,1
,
baguette,1
,
tomato/goat,1
,
every-time,1
,
twinkie,1
,
grace,1
,
richard,1
,
make,1
,
nadine,1
,
locale,1
,
adult,1
,
sheik,1
,
sweaty,1
,
hope,1
,
perfect+,1
,
torte,1
,
tommy,1
,
youth,1
,
causal,1
,
retrospect,1
,
december+,1
,
obligatory,1
,
chutney,1
,
watch,1
,
costume,1
,
pews,1
,
alot,1
,
plt,1
,
marcus,1
,
fresh,1
,
tex,1
,
knock,1
,
topcoat,1
,
violet,1
,
bac,1
,
option+,1
,
mexico,1
,
ra,1
,
legend,1
,
dime,1
,
chill,1
,
span,1
,
notch+,1
,
neon,1
,
hike,1
,
halfway,1
,
up,1
,
meet,1
,
too-,1
,
mouton,1
,
pandas,1
,
presence,1
,
wei+,1
,
rarer,1
,
pyrat,1
,
microphone/speaker,1
,
cleaner,1
,
decker+,1
,
favorite+,1
,
okay+,1
,
flavorless,1
,
concert,1
,
quaint,1
,
yellowtail,1
,
broken,1
,
statehouse,1
,
hilton,1
,
frail,1
,
don+,1
,
fate+,1
,
vestibule,1
,
ariza,1
,
cheapskate,1
,
blvd,1
,
transcendent,1
,
seat+,1
,
stopping,1
,
roys,1
,
tomate,1
,
p.s+,1
,
dunn,1
,
today+,1
,
cheaper+,1
,
crawford,1
,
wisconsin,1
,
pile,1
,
batch,1
,
napoleon,1
,
.and,1
,
royalty,1
,
cilantro,1
,
post-ordering,1
,
gnochi,1
,
amd,1
,
bar/restaurant,1
,
strips,1
,
u,1
,
prix,1
,
approach,1
,
snowflake,1
,
entrance/lobby,1
,
capicola,1
,
regret,1
,
yu-go,1
,
wrong,1
,
spout,1
,
chuckie,1
,
smith,1
,
flip,1
,
lighter,1
,
execution,1
,
behind,1
,
doll,1
,
fabulousness,1
,
floor+,1
,
teacher,1
,
assistance,1
,
velveeta,1
,
solon,1
,
transpire,1
,
paris,1
,
fountainbridge,1
,
invitation,1
,
breakfast/brunch,1
,
tattoos,1
,
fambam,1
,
brainer,1
,
sogginess,1
,
aubergine,1
,
soap,1
,
knell,1
,
ccf,1
,
brain,1
,
bravo,1
,
chosen,1
,
cashier/owner/manager,1
,
direction+,1
,
=o+,1
,
mintimalism,1
,
eew,1
,
principal,1
,
singing,1
,
vip,1
,
curtain,1
,
carnevino,1
,
chilis,1
,
chichen,1
,
simple+,1
,
expected..,1
,
guys,1
,
sil,1
,
bulbs,1
,
tikka,1
,
icecream,1
,
robinson,1
,
long..,1
,
nicoise,1
,
recall,1
,
vivant,1
,
filo,1
,
nation,1
,
noon,1
,
sangrias,1
,
tater,1
,
fearless,1
,
reno,1
,
maitre,1
,
thinness,1
,
here-good,1
,
wine/water,1
,
moreover,1
,
retirement,1
,
pookie,1
,
ensemble+,1
,
frog,1
,
cherrywood,1
,
deconstruction,1
,
laptop+,1
,
meeting,1
,
gun,1
,
do,1
,
treehouse,1
,
henderson,1
,
rat,1
,
cha,1
,
vongole,1
,
sinewy,1
,
fella,1
,
reviews,1
,
iwas,1
,
stayed,1
,
power,1
,
vegetable,1
,
pomme,1
,
attentiveness,1
,
bacchus,1
,
rothschild,1
,
oyster,1
,
approval,1
,
check+,1
,
hangout+,1
,
recipe,1
,
colado,1
,
assessment,1
,
tempus,1
,
disclosure,1
,
man..,1
,
complaint..,1
,
pain,1
,
busiest,1
,
j.,1
,
decadence,1
,
minimalist,1
,
all'amatriciana,1
,
stupidity,1
,
mapo,1
,
companion,1
,
hiccup,1
,
alert,1
,
swanky,1
,
aperol,1
,
.service,1
,
interaction,1
,
thanksgiving+,1
,
fonduta,1
,
extraordinaire,1
,
line+,1
,
happily,1
,
newmarket,1
,
healing,1
,
sofa,1
,
traveling,1
,
robe,1
,
entry,1
,
timer,1
,
pf,1
,
soi,1
,
~atmosphere/service~,1
,
non-drinker,1
,
ss,1
,
gulab,1
,
margherita,1
,
faux,1
,
dozen..kushi,1
,
#NAME?,1
,
ale+,1
,
~fud/drink~,1
,
buzzer,1
,
vey,1
,
nicky,1
,
lukewarm,1
,
elevator,1
,
powerhouse,1
,
fate,1
,
colour,1
,
outta,1
,
croquetas,1
,
thai+,1
,
pickle,1
,
thit,1
,
burst,1
,
greek,1
,
schnitzel,1
,
start+,1
,
verdict,1
,
sweater,1
,
layout,1
,
diego+,1
,
website+,1
,
congee,1
,
beef+,1
,
popcorn,1
,
reflection,1
,
function/christmas,1
,
missus,1
,
tagline,1
,
cr,1
,
helicopter,1
,
fit,1
,
clever,1
,
commitment,1
,
retailing,1
,
madre,1
,
clock,1
,
amuse,1
,
text+,1
,
peach+,1
,
introduction,1
,
slooowww,1
,
galleria,1
,
sheer,1
,
ami,1
,
missing,1
,
capitol,1
,
cage,1
,
bearable,1
,
.yumm,1
,
ajacent,1
,
father-in-law,1
,
scrubbing,1
,
cosmopolitan+,1
,
please+,1
,
pea,1
,
welcome+,1
,
brian,1
,
taipei,1
,
disco,1
,
oxygen,1
,
crepe+,1
,
decide,1
,
creation,1
,
bucatini,1
,
flare,1
,
toscana,1
,
starch,1
,
picas,1
,
chicharron,1
,
.they,1
,
fattiness,1
,
0.5,1
,
destination+,1
,
hole,1
,
stability,1
,
ingredient+,1
,
hot/spicy,1
,
marvin+,1
,
developer,1
,
..not,1
,
dummy,1
,
reception,1
,
welp,1
,
beat,1
,
giuseppe,1
,
hollandaise,1
,
sick,1
,
michigan,1
,
shoulder,1
,
disorganization,1
,
w,1
,
souffl,1
,
kept,1
,
shallot,1
,
couch,1
,
rotten,1
,
puck,1
,
aside,1
,
activity,1
,
clam,1
,
ache,1
,
pulp,1
,
france,1
,
lodge,1
,
goofy,1
,
carelton,1
,
trigger+,1
,
luck+,1
,
emulsion,1
,
morsel,1
,
claire,1
,
seer,1
,
ha,1
,
maria,1
,
blazer,1
,
contest,1
,
stating,1
,
yum+,1
,
muffuletta,1
,
sc,1
,
globs,1
,
cluster,1
,
cow,1
,
demand,1
,
malbec,1
,
hole+,1
,
mimi+,1
,
keller,1
,
downstairs,1
,
reindeer,1
,
pow,1
,
memory,1
,
cube,1
,
server+,1
,
ours,1
,
markt,1
,
-1,1
,
fireplace,1
,
agua,1
,
ahhh,1
,
save,1
,
richmond,1
,
keftedakia,1
,
kalamari,1
,
downer,1
,
trusty,1
,
disclaimer,1
,
salsa+,1
,
bouche,1
,
canal,1
,
disco-disco,1
,
ecuador,1
,
hum,1
,
dueling,1
,
addition+,1
,
skimpy,1
,
stood+,1
,
trigger,1
,
posh+,1
,
hualapai,1
,
baklava,1
,
ambience-wise,1
,
rare..,1
,
hip,1
,
basketball,1
,
fall,1
,
siphonware,1
,
ground,1
,
fillet,1
,
trouble+,1
,
puree,1
,
shuhei,1
,
roquefort,1
,
venture,1
,
availability,1
,
grilling,1
,
creamy,1
,
morton+,1
,
chalet,1
,
l'italia+,1
,
terrific,1
,
management+,1
,
core,1
,
atlanta,1
,
gripe,1
,
crackling,1
,
sphere,1
,
skip,1
,
atrium,1
,
bargain,1
,
boneless,1
,
pre-cook,1
,
associate,1
,
kim,1
,
flock,1
,
cabo,1
,
dusting,1
,
mit,1
,
kinda,1
,
jerk,1
,
nevada,1
,
beeyutch,1
,
property,1
,
bust.the,1
,
accident,1
,
convenient,1
,
elk,1
,
c'est,1
,
straightedge,1
,
expiration,1
,
dallas,1
,
chimichanga,1
,
craziness,1
,
starchy,1
,
fragment,1
,
update+,1
,
calculator,1
,
jamon,1
,
fresco,1
,
*ever*,1
,
ode,1
,
parsnip,1
,
croissant,1
,
wine+,1
,
rudolph,1
,
elegance,1
,
appreciation,1
,
upgrade,1
,
wagon,1
,
dunk,1
,
cleaning,1
,
caz,1
,
supermarket,1
,
lunchtime+,1
,
ladoos,1
,
misgiving,1
,
miang,1
,
tqla,1
,
promise,1
,
skewed,1
,
catfish,1
,
.gif,1
,
tatziki,1
,
placid,1
,
marketplace,1
,
sipping,1
,
mare,1
,
ewww,1
,
punishment,1
,
warmer,1
,
vomit,1
,
queue..,1
,
allot,1
,
michelin,1
,
laziness,1
,
blta,1
,
tech,1
,
rain,1
,
gabi,1
,
icing,1
,
win+,1
,
nom,1
,
sopressata,1
,
heartache+,1
,
compensate,1
,
score+,1
,
dore,1
,
bucca,1
,
funny,1
,
pegasus,1
,
crab+,1
,
courthouse,1
,
tier,1
,
cloth,1
,
glittery,1
,
brutta,1
,
di-vin,1
,
plating/presentation,1
,
pretty,1
,
information,1
,
crotch,1
,
drizzle,1
,
hesitation+,1
,
vodka,1
,
phenomenal,1
,
footing,1
,
irvine,1
,
minty,1
,
artisan,1
,
bwi,1
,
charcuterie,1
,
smelt,1
,
win-win,1
,
music/ambience,1
,
trivia/poker,1
,
-____-,1
,
in-house,1
,
whiz,1
,
coffee-like,1
,
ma'am,1
,
stacey,1
,
robuchon,1
,
og,1
,
monster,1
,
fear,1
,
penny,1
,
thinner,1
,
did't,1
,
letdown,1
,
broccolini,1
,
chaos+,1
,
robertos,1
,
thinking,1
,
topper,1
,
out,1
,
monkey,1
,
snapper,1
,
non-issue,1
,
t,1
,
semi-benefit,1
,
green,1
,
payne,1
,
shelter,1
,
tourist,1
,
butts+,1
,
flushing,1
,
*,1
,
loft,1
,
etc,1
,
bon,1
,
moretti,1
,
verduta,1
,
turd,1
,
tomahawk,1
,
dancing,1
,
sooner,1
,
source,1
,
decorum,1
,
party+,1
,
hesitation,1
,
wifi,1
,
juan+,1
,
ulcer,1
,
earp,1
,
confusion,1
,
oh,1
,
arent,1
,
re-branding,1
,
freakin,1
,
dc,1
,
gesture,1
,
quit,1
,
kettle,1
,
wince,1
,
porcelain,1
,
spread,1
,
cremeux,1
,
continue,1
,
aww,1
,
restaurant/bar,1
,
judging,1
,
mood+,1
,
monitor,1
,
campsite,1
,
bastard,1
,
ulimate,1
,
manuel,1
,
jackie,1
,
bringbacktherealtokyosushi+,1
,
lemur,1
,
warmth,1
,
foodcourt,1
,
bimbo,1
,
captain,1
,
hai,1
,
yay,1
,
compare,1
,
boatload,1
,
'her,1
,
passing,1
,
patti,1
,
crummy,1
,
aficionado,1
,
f'n,1
,
charro,1
,
grounds/main,1
,
barsa,1
,
flavoring,1
,
foil,1
,
romo,1
,
subcontinent,1
,
discretion,1
,
apparent,1
,
bechamel,1
,
accommodating,1
,
viognier,1
,
marquee,1
,
deal+,1
,
smorgasbord,1
,
weizen,1
,
pool+,1
,
date+,1
,
mirage,1
,
posh,1
,
il,1
,
management/customer,1
,
teapot,1
,
salads,1
,
ii,1
,
hmm,1
,
tbh,1
,
plush,1
,
camp,1
,
butterscotch,1
,
bay,1
,
lil,1
,
masala,1
,
mydia,1
,
drinkin,1
,
/salad,1
,
bingsoos,1
,
average+,1
,
jjp,1
,
gordon,1
,
barbarella,1
,
gambit,1
,
rollin,1
,
easy,1
,
crepery,1
,
parade,1
,
mister,1
,
marble,1
,
javier,1
,
tour,1
,
fax,1
,
lack+,1
,
freezing,1
,
accurate,1
,
christina,1
,
irritating,1
,
solace,1
,
janet,1
,
chocolate+,1
,
relish,1
,
sticky,1
,
pianist,1
,
f.,1
,
coke+,1
,
cart,1
,
bi,1
,
basin,1
,
filler,1
,
commander,1
,
briefly,1
,
los,1
,
mermaid,1
,
debating,1
,
explanation,1
,
creole+,1
,
serloin,1
,
folk,1
,
conveyor,1
,
longhorn+,1
,
smokey,1
,
atmosphere~,1
,
standpoint,1
,
estate,1
,
ratio+,1
,
compulsive,1
,
draw,1
,
yo'self,1
,
food..but,1
,
tapatio,1
,
riesling,1
,
madison+,1
,
kung,1
,
brawl,1
,
pine,1
,
samosas,1
,
bat,1
,
laura,1
,
brinker,1
,
further,1
,
ew,1
,
headache,1
,
helpful,1
,
examination,1
,
rellenos,1
,
mothership,1
,
gyro+,1
,
fiesta,1
,
ala,1
,
liqueur,1
,
splash,1
,
profession,1
,
lookout,1
,
tocino,1
,
cake+,1
,
brat,1
,
kraut,1
,
safeway,1
,
mahogany,1
,
fireside,1
,
min+,1
,
cinemark,1
,
debonair,1
,
heritage,1
,
brioche,1
,
sour-and-spicy,1
,
mimosa,1
,
manger,1
,
avocade,1
,
dean,1
,
eating+,1
,
slack,1
,
project,1
,
tub,1
,
tucson,1
,
kabinett,1
,
kicker+,1
,
virgin,1
,
lait,1
,
cobbler,1
,
finishing,1
,
giver,1
,
smoothie,1
,
etiquette,1
,
down-side,1
,
kebab,1
,
margaritas,1
,
wore,1
,
powder,1
,
marriott,1
,
bummer+,1
,
steven,1
,
check-in,1
,
grade,1
,
spatzle,1
,
block,1
,
bit/different,1
,
basement,1
,
cyphre,1
,
buns,1
,
arribas+,1
,
memorable+,1
,
smoker,1
,
haha..,1
,
bearnaise,1
,
apparatus,1
,
l.a.,1
,
pinot,1
,
lobster+,1
,
wanda,1
,
lawry,1
,
envision,1
,
veil,1
,
challenge,1
,
honour,1
,
rim,1
,
strobe,1
,
diamond,1
,
coaster,1
,
brio,1
,
red/white/pink,1
,
turnover,1
,
zizzi,1
,
medley,1
,
dedication,1
,
biggie,1
,
bruhh,1
,
coworke+,1
,
hungover,1
,
ear,1
,
extravagant,1
,
mush,1
,
'welcome,1
,
ilk,1
,
clash,1
,
vibrant,1
,
endless,1
,
jiimmy,1
,
gratin,1
,
helper,1
,
chicory,1
,
lebowski,1
,
lamp,1
,
devil,1
,
um,1
,
applesauce,1
,
stoic,1
,
personality,1
,
spago,1
,
luciana,1
,
cafeterias,1
,
rk,1
,
coon,1
,
jatae,1
,
qdoba,1
,
nonsense,1
,
cabin,1
,
texan,1
,
sage,1
,
carafes,1
,
yuletide,1
,
grocery,1
,
spawn,1
,
water+,1
,
yasu,1
,
garbage+,1
,
btw+,1
,
smart,1
,
dropout+,1
,
exploding,1
,
mezzanotte+,1
,
abby,1
,
.mmmmmm+,1
,
spettacolare,1
,
adovada,1
,
microscope,1
,
noisier,1
,
ci,1
,
reviewer,1
,
satisfaction,1
,
ad,1
,
prosecco,1
,
meatloaf,1
,
yama,1
,
bailey,1
,
maui,1
,
f,1
,
cafes,1
,
consciousness,1
,
disregard,1
,
nancy,1
,
guide,1
,
howie,1
,
student,1
,
wherever,1
,
em,1
,
cuff+,1
,
misheard,1
,
mag,1
,
type+,1
,
clap,1
,
insult,1
,
course+,1
,
savvy,1
,
scene+,1
,
trini,1
,
*north*,1
,
med-rare,1
,
.the,1
,
hat,1
,
giardiniera,1
,
kidding,1
,
ragout,1
,
yell-talking,1
,
time/meal,1
,
prepare,1
,
sullivan,1
,
q,1
,
diner+,1
,
smolder,1
,
interacting,1
,
female,1
,
triple,1
,
soulless,1
,
backseat,1
,
camper,1
,
owner+,1
,
beers.,1
,
zabaglione,1
,
ownership,1
,
backroom,1
,
thigh,1
,
eh,1
,
mull,1
,
snootiness,1
,
merch,1
,
tubetti,1
,
northerner,1
,
stebnitz+,1
,
monte,1
,
distillerys,1
,
barrier,1
,
overbearing,1
,
monument,1
,
prescription,1
,
adjustment,1
,
order..,1
,
television,1
,
hassle,1
,
humiliation,1
,
thumbs,1
,
tomato..yum,1
,
quip,1
,
pedro,1
,
chocolat,1
,
nosh,1
,
fork-tender,1
,
force,1
,
opentable.com,1
,
slabs,1
,
e.,1
,
glam,1
,
campbell,1
,
blanco,1
,
thoughtfulness,1
,
aperetif,1
,
hannah,1
,
greenbelt,1
,
coast,1
,
minis,1
,
chimichangas,1
,
ie,1
,
communication,1
,
milanese,1
,
piano,1
,
germville,1
,
kibbe,1
,
kruste,1
,
gingerbread,1
,
loop,1
,
mccormack,1
,
ka,1
,
ohio,1
,
tbs,1
,
ivo,1
,
castle,1
,
supporting,1
,
peter,1
,
ritorneremo,1
,
rage,1
,
lover,1
,
togo,1
,
mcalpine,1
